name,city,price
gong cha,Alameda,$$$
top up,Alameda,$$$$
i-tea,Alameda,$$$
malaya tea room,Alameda,$$$$
tomo tea house,Alameda,$$$$
raretea,Alameda,$$$
mandro,Alameda,$$$$
one milk tea,Oakland,$$$
tasty point,Alameda,$$$
yifang taiwan fruit tea,Alameda,$$$
tea on piedmont,Oakland,$$$$
uc dessert,Oakland,$$$$
suptea lab,Oakland,$$$$
yokee milk tea,Oakland,$$$$
sweetheart cafe,Oakland,$$$
happy lemon,Alameda,$$$
boba me,Alameda,$$$$
raretea,Oakland,$$$
mr green bubble,Oakland,$$$
k street,Oakland,$$$$
i-tea,Oakland,$$$$
golden tea shop,Oakland,$$$$
quickly,Oakland,$$$
tapioca express,San Leandro,$$$
t4,Oakland,$$$
earth grown drinks,Oakland,$$$$
baby café,Emeryville,$$$
boba guys,Oakland,$$$
dek doi cafe,Oakland,$$$$
powderface,Oakland,$$$
black diamond cafe,Emeryville,$$$$
panda tea bar,Alameda,$$
yogurtland,Alameda,$$$$
boba binge - uptown,Oakland,$$$$
polaris cafe,Emeryville,$$$$
cafe uccello,Oakland,$$$$
paddington cafe,Oakland,$$$$
primavera,Oakland,$$$$
boba binge,Oakland,$$$$
quickly,Oakland,$$
san san tea house,San Leandro,$$$$
me & jungle cafe,Piedmont,$$$$
gelato firenze,Oakland,$$$$
tf montclair,Oakland,$$$
cafe sorriso,San Leandro,$$$
comeback cafe,Emeryville,$$$
full house cafe,Oakland,$$$
mantea,San Leandro,$$$$
supreme essence,Oakland,$$$
toco tea,American Canyon,$$$
sweet straw,Napa,$$$$
mt. teaablo,Brentwood,$$$$
sharetea,Vallejo,$$$
hello sweet,Concord,$$$$
big bang boba & chicken,Fairfield,$$$
teazentea - livermore,Livermore,$$$$
boba birds,Pinole,$$$$
sharetea,Fairfield,$$$$
happy lemon,Pleasant hill,$$$$
toco tea,El Sobrante ,$$$$
kuma cafe,San Rafael,$$$$
t4,San Pablo,$$$
teaspoon - corte madera,Corte Madera,$$$$
bober tea & coffee,Walnut Creek,$$$$
tp tea,Millbrae,$$$$
ume tea - davis,Davis,$$$$
oddcha,San Rafael,$$$$
thirstea,Rohnert Park,$$$$
yumy gurt,Pinole,$$$$
milk tea lab,Pleasant Hill,$$$
boba bliss,Dublin,$$$$
happy lemon,Vacaville,$$$$
boba bliss,Castro Valley,$$$$
bubbles boba tea,Sebastopol,$$$$
sharetea,San Rafael,$$$
quickly,Vallejo,$$$
junenov tea,Pleasant Hill,$$$$
devil & angel desserts,Walnut Creek,$$$$
beyond tea,Suisun City,$$$$
lilikoi boba,Lafayette,$$$
bober tea,Pleasanton,$$$$
tibear,Berkeley,$$$$
sharetea,Hercules,$$$
fusion boba tea and snacks,Woodland,$$$$
tiger tea & juice - burlingame,Burlingame,$$$$
boba n me,Concord,$$$
sunright tea studio - burlingame,Burlingame,$$$$
boba luv,Fairfield,$$$$
tea dojo,Vacaville,$$$
qualitea,Pinole,$$$$
peace love & boba,Vacaville,$$$$
zero& santa rosa plaza,Santa Rosa,$$$$
sharetea,Concord,$$$$
tenren's tea,San Francisco,$$$$
nomi tea,Albany,$$$
coco3,South San Francisco,$$$$
pearl novato,Novato,$$$$
tala coffee & tea,El Cerrito,$$$
tea square boba,San Francisco,$$$
bobaville,Daly City,$$$
li cha tea,Walnut Creek,$$$
by me boba tea,San Francisco,$$$
teaspoon,Hayward,$$$$
feng cha tea house,Dublin,$$$$
sweet time dessert,San Francisco,$$$$
beach boba,Pacifica,$$$$
once tea,Hayward,$$$
pit stop boba shop,South San Francisco,$$$$
b&b boba & banh mì,Vacaville,$$$$
qtea,Dublin,$$$$
sunright tea studio - union city,Union City,$$$$
tea spot,Brentwood,$$$
sweet a's,Pittsburg,$$$$
teaspoon,Davis,$$$$
aloh-o,Petaluma,$$$$
quickly brentwood,Brentwood,$$$$
milk tea lab,San Francisco,$$$$
tea hut,Millbrae,$$$$
quickly,Santa Rosa,$$$
zero& - livermore,Livermore,$$$
cafe tapioca,Hercules,$$$$
boba & me,Brentwood,$$$
jinju tea,San Francisco,$$$
bobaville,San Francisco,$$$$
boba x,Dublin,$$$$
after hours boba & tea,Woodland,$$$$
wanpo tea shop,Millbrae,$$$$
tea cozy,Sacramento,$$$$
yifang taiwan fruit tea,San Francisco,$$$
milk tea lab,South San Francisco,$$$$
kiss my boba,San Bruno,$$$
sweet straw,Sonoma,$$$$
ice monster,Walnut Creek,$$$$
beautea,South San Francisco,$$$
i-tea,Moraga,$$$$
tea 18,Sacramento,$$$$
societea teahouse & eatery,San Bruno,$$$$
quickly,Petaluma,$$$
raretea,Sacramento,$$$$
boba studio,Walnut Creek,$$$$
tea o’clock,San Leandro,$$$$
devil & angel desserts,Vallejo,$$$
grapeholic,Millbrae,$$$$
tea plus tea bar,San Francisco,$$$$
the rolling house,San Pablo,$$$$
t% coffee + tea - davis,Davis,$$$$
tea so,Castro Valley,$$$$
sharetea,San Ramon,$$$
teazentea,Brentwood,$$$$
bundow boba,Millbrae,$$$$
boba corner,Brentwood,$$$$
i-tea,Castro Valley,$$$$
t4 antioch,Antioch,$$$
okashi fusion,Vacaville,$$$$
mr. sun - pleasanton,Pleasanton,$$$$
skyview noodle & tea,Pittsburg,$$$$
mandro teahouse,Davis,$$$
imperial fruit,San Francisco,$$$$
teaspoon pinole,Pinole,$$$$
tp tea - pleasanton,Pleasanton,$$$$
union square - little sweet,San Francisco,$$$
teaspoon,Livermore,$$$
feng cha teahouse  奉茶,Berkeley,$$$
yummy boba & more,Concord,$$$$
rare tea,Vacaville,$$$
boba & beyond,El Sobrante,$$$$
pink cloud tea & more,Berkeley,$$$$
devil & angel desserts,Concord,$$$
lilikoi boba,El Cerrito,$$
bober tea & coffee,Martinez,$$$$
teaspoon,San Francisco,$$$$
t4,Millbrae,$$$
li cha tea,Livermore,$$$
sharetea,Orinda,$$$$
t4 tea for,Vallejo,$$
qualitea,San Francisco,$$$$
lilikoi,San Francisco,$$$$
t4,Hayward,$$$
ts cafe,San Francisco,$$$$
boba guys,San Francisco,$$$$
hay tea,San Leandro,$$$
boba guys - san ramon,San Ramon,$$$
yi fang taiwan fruit tea,San Francisco,$$$$
1011 sip tea,San Francisco,$$$
tp tea,Berkeley,$$$$
aqua club dessert & beverage,San Bruno,$$$$
happy lemon,Pleasanton,$$$
molly jasmine,Davis,$$$$
lady luck cafe,San Francisco,$$$$
le dessert lab,Richmond,$$$
lilikoi on broadway,Burlingame,$$$$
feng cha teahouse,San Francisco,$$$$
yifang taiwan fruit tea,Walnut Creek,$$$$
tea hut,San Francisco,$$$
t4 - tea 4 u,Sacramento,$$$$
pink pink tea shoppe,San Francisco,$$$$
happy lemon,San Francisco,$$$$
teaspoon,Santa Rosa,$$$$
bb tea,San Francisco,$$$
kudos tea & coffee,Antioch,$$$$
big-bang boba & chicken,Concord,$$$$
p-town coffee & tea,Pacifica,$$$$
boba ninja,Berkeley,$$$$
t% coffee +tea -  sacramento midtown,Sacramento,$$$$
sharetea,San Leandro,$$$
cafe tapioca,Dublin,$$$
purtea,San Francisco,$$$$
fidi - little sweet,San Francisco,$$$$
milk tea lab,Vacaville,$$$$
raretea,Sacramento,$$$$
zero&,San Francisco,$$$$
t4 clayton,Concord,$$$
milky way tea shoppe,Dublin,$$$$
caffe:in,Union City,$$$
teapot,Pleasant Hill,$$$
fat straw cafe,Livermore,$$$
devil & angel desserts,Fairfield,$$$
japantown - little sweet,San Francisco,$$$$
yum cha boba tea & more,Brentwood,$$$
frostea,San Francisco,$$$
zero& stoneridge,Pleasanton,$$$$
bobaloca,Concord,$$$
sharetea,Fairfield,$$$
sip & savor,Hayward,$$$$
koba cafe,Vienna,$$$$
quickly benicia,Benicia,$$$
rrags caffe,Benicia,$$$$
lovejoy's tea room,San Francisco,$$$$
dessert cafe concord,Concord,$$$$
hey! i am yogost,Pleasanton,$$$$
mr. green bubble,Walnut Creek,$$$
teance fine teas,Berkeley,$$$$
dartealing lounge,San Francisco,$$$
crown & crumpet tea salon,San Francisco,$$$$
double rainbow cafe,San Rafael,$$$$
t4 - walnut creek,Walnut Creek,$$$
mochinut,Pinole,$$$
three tea bowls - pop-up tea bar,Berkeley,$$$$
kuboba spot,Berkeley,$$$$
t time,Pittsburg,$$$$
milk tea lab,Concord,$$$$
sharetea,Pittsburg,$$$$
teaspoon - berkeley,Berkeley,$$$$
u cha,Berkeley,$$$$
yi fang taiwan fruit tea,Berkeley,$$$$
teaspoon,Walnut Creek,$$$$
hay tea,Berkeley,$$$
purple kow,San Francisco,$$$
purple kow,Berkeley,$$$
t4,San Ramon,$$$
honeybear boba,San Francisco,$$$$
rare tea,Berkeley,$$$
i-tea,Pleasanton,$$$
plentea,San Francisco,$$$
happy lemon,San Francisco,$$$$
hui lau shan,Berkeley,$$$$
yifang taiwan fruit tea - colma,Colma,$$$
teaspoon,Concord,$$$$
urban ritual,San Francisco,$$$$
cha thai tea,Berkeley,$$$$
asha tea house,Berkeley,$$$$
far leaves tea,Berkeley,$$$$
the alley,Berkeley,$$$
plentea,Berkeley,$$$
u dessert story - berkeley,Berkeley,$$$$
sharetea,Berkeley,$$$
813 cha siam,Berkeley,$$$$
elaichi co.,Berkeley,$$$$
wow wow hawaiian lemonade,Berkeley,$$$$
happy lemon,Berkeley,$$$$
sweetheart cafe,Berkeley,$$$
happy lemon,Richmond,$$$
mochinut berkeley,Berkeley,$$$
caravaggio gelato lab,Berkeley,$$$$
tay tah cafe,Albany,$$$$
organic greens | berkeley,Berkeley,$$$$
yogurt park,Berkeley,$$$$
humphry slocombe - berkeley,Berkeley,$$$
menchie's frozen yogurt,Berkeley,$$$$
biju bubble tea room,London,$$$
bobajam,London,$$$$
bubbleology,London,$$$
chatime,London,$$$$
gonuts boba tea,London,$$$$
coco fresh tea & juice soho,London,$$$$
yi fang,London,$$$$
good friend,London,$$$$
woo tea,London,$$$
chatime,Terrace,$$$$
quaker street cafe,London,$$$$
yunique,London,$$$
bubble magik,London,$$$$
bubbleology,London,$$$
bubble magik,London,$$$$
nosteagia,London,$$$$
jen cafe,London,$$$
up...t,London,$$$$
bubbleology,London,$$$
cuppacha bubble tea,London,$$$
yifang taiwan fruit tea,London,$$$$
xing fu tang,London,$$$
t4 tea for u,London,$$$
mooboo - bubble tea,London,$$$
coco fresh tea & juice london,London,$$$
kova patisserie,London,$$$$
candy café,London,$$$
kova patisserie,London,$$$$
machi machi,London,$$$
bubbleology,London,$$$
bubbleology,London,$$$
silver moon chinese tea bar,London,$$$$
chatime,London,$$$
happy lemon,London,$$$
bubbleology,London,$$$
chatime,London,$$$
mont ruby tea,London,$$
bubbleology,West End,$$
pocha london,London,$$
bobajam,London,$$$$
bubbleology,Dartford,$$$$
mimo tea,Brisbane City,$$$$
tea etc,Brisbane,$$$$
chatime,Brisbane,$$$
mr tea bubble tea,Brisbane,$$$$
hazel tea shop,Surfers Paradise,$$$$
allyway,Saint Lucia,$$$$
tea bar,Indooroopilly,$$$
sakuraya,Eight Mile Plains,$$$
quenchies,Springwood,$
gong cha southport,Southport,$$$$
heeretea,San Mateo,$$$$
lilikoi boba,Burlingame,$$$$
tp tea,San Mateo,$$$$
ume tea,Burlingame,$$$$
ume tea,Millbrae,$$$$
boba bless,San Mateo,$$$$
urban ritual,San Mateo,$$$$
happy lemon,Burlingame,$$$$
pink pink tea shoppe,San Mateo,$$$$
tpumps - burlingame,Burlingame,$$$
sharetea,San Mateo,$$$
tiger tea & juice - san mateo,San Mateo,$$$$
teaspoon san mateo,San Mateo,$$$
bambu,Millbrae,$$$
bigz boba,Burlingame,$$$
bambu,San Mateo,$$$$
teaever,Millbrae,$$$
sweet indulgence,Millbrae,$$$
mints & honey,Burlingame,$$$$
raretea,San Mateo,$$$$
shuyi grass jelly & tea,San Mateo,$$$
simple one cafe,Daly City,$$$$
mr. green bubble,San Mateo,$$$
tpumps,Foster City,$$$
happy lemon,San Bruno,$$$
yifang taiwan fruit tea,San Mateo,$$$$
somisomi,San Mateo,$$$$
the partea girl,San Mateo,$$$$
quickly,San Bruno,$$
sweet moment,San Mateo,$$$
happy lemon,Foster City,$$$
ten ren tea company,South San Francisco,$$$$
ya-ua yogurt & boba tea,Belmont,$$$
waterfront cafe,Burlingame,$$$$
la matcha cafe,Burlingame,$$$$
tong sui,San Mateo,$$$$
dessert republic,San Mateo,$$$
deja vu,Burlingame,$$$
jolly's old-fashioned teas cream,Burlingame,$$$
meet fresh,San Mateo,$$
boba guys at local kitchens,San Bruno,$$$
sizzling lunch - foster city,Foster City,$$$$
quickly,South San Francisco,$
uncle tetsu,San Mateo,$$$$
sugarcane hq,San Bruno,$$$$
snacks,San Mateo,$$$$
sharetea hillsdale,San Mateo,$$$
icicles,San Mateo,$$$
quickly,Foster City,$$$
bubble bubble tea house,Rockwall,$$$$
boba head legacy,Plano,$$$$
panda tea,Dallas,$$$$
happy lemon,Plano,$$$$
delish bubble tea,McKinney,$$$$
fruitealicious bubble tea & smoothies,Frisco,$$$$
kung fu tea,Dallas,$$$$
feng cha teahouse,Richardson,$$$$
standing ovation cafe,Sunnyvale,$$$$
bobaddiction,Dallas,$$$$
boba + donuts,Frisco,$$$$
king kong boba tea & smoothie,Garland,$$$
ta boba tea house,Commerce,$$$$
bubbleology,Richardson,$$$
redstraw,Carrollton,$$$$
boba latte - frisco,Frisco,$$$$
tp tea,Richardson,$$$$
fengcha - allen,Allen,$$$$
fat straws boba & mochi donuts,Richardson,$$$$
momo magic and more,Plano,$$$$
teavalley,Plano,$$$$
feng cha - addison,Dallas,$$$$
ding tea - mckinney,McKinney,$$$
tealatte bar richardson,Dallas,$$$$
craft boba tea,Dallas,$$$
drip n roll,McKinney,$$$$
lazi cow,Frisco,$$$$
teazentea garland,Garland,$$$$
boba republic,Allen,$$$$
ding tea garland,Garland,$$$$
honey b cafe,McKinney,$$$$
boba tea & treats,Addison,$$$
r&b tea - garland,Garland,$$$
feng cha - rockwall,Rockwall,$$$$
fukuro,Richardson,$$$$
abc boba,Waxahachie,$$$
tiger sugar,Plano,$$$$
hoja bubble tea and asian street food,Plano,$$$$
feng cha murphy,Murphy,$$$$
feng cha prosper,Prosper,$$$$
gong cha,Dallas,$$$$
sharetea,Rockwall,$$$$
boba house by charlie jr,Princeton,$$$$
toridori,Carrollton,$$$$
gong cha,Plano,$$$$
the alley,Plano,$$$$
kung fu tea - prosper,Prosper,$$$
feng cha,Dallas,$$$$
tea2go,Plano,$$$$
hello boba,Allen,$$$$
tealatte bar,Prosper,$$$$
ding tea south garland,Garland,$$$$
magic cup,McKinney,$$$$
happy lemon,Richardson,$$$$
sharetea,Plano,$$$$
smiley cup,Richardson,$$$$
ding tea the colony,The Colony,$$$$
bubble well,Little Elm,$$$$
magic cup,Richardson,$$$$
craft boba tea,Dallas,$$$$
shot tea boba bar,Dallas,$$$$
r&b tea,McKinney,$$$$
tp tea,Frisco,$$$$
sugar pine creamery,Plano,$$$$
gong cha,Carrollton,$$$$
boba city,McKinney,$$$$
tea's memory boba tea,Frisco,$$$$
tealatte bar,Carrollton,$$$$
squishies bubble tea,Dallas,$$$$
the boba plug,Richardson,$$$$
heavenly kup,Plano,$$$$
junbi matcha - richardson,Richardson,$$$$
boba latte,Richardson,$$$
scoop n‘ boba,Garland,$$$$
boba heaven,Garland,$$$$
boba bros,McKinney,$$$
tp tea,Carrollton,$$$$
teaco,Allen,$$$$
his tea,Richardson,$$$$
sucre cafe,Plano,$$$$
7 leaves cafe,Garland,$$$$
boba guru,Plano,$$$
feng cha - rowlett,Rowlett,$$$$
boba licious,Lancaster,$$$$
prickly boba tea,Waxahachie,$$$$
craft boba tea,Dallas,$$$$
fulll,Plano,$$$$
mochinut murphy,Murphy,$$$$
fruitealicious,Carrollton,$$$$
kung fu tea,Plano,$$$
r&b tea - carrollton,Carrollton,$$$$
feng cha the colony,The Colony,$$$$
krak boba,Addison,$$$$
tea top,Carrollton,$$$$
ben gong's tea,Frisco,$$$$
fruitealicious - stonebriar,Frisco,$$$$
moom muum,Dallas,$$$$
pearl cafe,Mesquite,$$$$
feng cha - forney,Forney,$$$$
daboba richardson,Richardson,$$$
zero degrees,Plano,$$$$
exotic blendz,McKinney,$$$$
tiger sugar,Carrollton,$$$$
teapioca lounge,Lewisville,$$$$
feng cha - garland,Garland,$$$$
boba lush,Murphy,$$$$
yely,Dallas,$$$$
vivi bubble tea,Frisco,$$$$
elevated coffee & tea,Richardson,$$$$
moge tee - carrollton,Carrollton,$$$$
sharetea,Dallas,$$$$
bubble bee,Carrollton,$$$$
pu’er taiwan tea & coffee,Richardson,$$$
vivi bubble tea,Garland,$$
fat straws boba & mochi donuts,Dallas,$$$$
feng cha - carrollton,Carrollton,$$$$
fat straws boba & mochi donuts,Dallas,$$$$
milk n tea,Plano,$$$$
sharetea frisco,Frisco,$$$
7 leaves cafe,Carrollton,$$$$
yoberry frozen yogurt,Garland,$$$
mochinut lewisville,Lewisville,$$$$
gong cha,Richardson,$$$
tealatte bar,Frisco,$$$$
annie's sweets & treats,Frisco,$$$$
rainbow tea shop,Plano,$$$$
boba heaven mesquite,Mesquite,$$$
tea daddy,Richardson,$$$$
tea daddy,Garland,$$$
haus of boba,Sachse,$$$
boba boba bubble tea & coffee,Plano,$$$$
boba republic,Plano,$$$$
with milk,Allen,$$$$
sharetea,Carrollton,$$$$
tiem che thach thao,Garland,$$
annie's sweets & treats,Frisco,$$$$
gong cha,Frisco,$$$
fat straws boba & mochi donuts,Plano,$$$$
milk bubbles,Plano,$$$
snow city cafe,Carrollton,$$$$
yifang taiwan fruit tea -plano,Plano,$$$$
r&b tea - frisco,Frisco,$$$
drip n roll - wylie,Wylie,$$$
kung fu tea,Frisco,$$$
kung fu tea,Frisco,$$
kung fu tea,Murphy,$$$
the alley - garland,Garland,$$$
kung fu tea,Carrollton,$$$
a day cafe,Richardson,$$$$
tea town,Plano,$$$
kung fu tea,Richardson,$$$
texas teahouse & market,Plano,$$
mango mango dessert,Plano,$$$$
ding tea - richardson,Richardson,$$$$
somisomi,Frisco,$$$$
i heart boba,Mesquite,$$
dumont creamery & cafe,Frisco,$$$$
below 40,Plano,$$$
hello boba,Mckinney,$$$
qq teahouse,Plano,$$$
meetcha bubble tea cafe,Plano,$$$$
te'amo boba tea x mochi donut,Castro Valley,$$$
quickly,Castro Valley,$$
tao's fresh,San Lorenzo,$$$$
happy lemon,Castro Valley,$$$
t4,Castro Valley,$$
gong cha hayward,Hayward,$$$$
i-tea,San Leandro,$$$$
quickly,Hayward,$$$
happy lemon,San Leandro,$$$
tea villa,Hayward,$$$
chachago,Hayward,$$
t4,San Leandro,$$$
happy lemon,San Ramon,$$$$
r&b tea - san ramon,San Ramon,$$$$
boba nation,Hayward,$$$$
pho hoa & jazen tea,San Ramon,$$$$
sharetea,Hayward,$$$
creative sips,San Leandro,$$$$
quickly,San Lorenzo,$$$
quickly,San Leandro,$$$
xenia's gelato,Hayward,$$$
d t dim sum & tea,San Leandro,$$$
surf city squeeze,Hayward,$$$
fanale drinks,Hayward,$
united paleteria y neveria,San Leandro,$$$
golden tea cafe,Lowell,$$$$
kung fu tea,Manchester,$$$
teatotaller,Concord,$$$
v’s sandwich,Tilton,$$$$
studio milk tea,Lowell,$$$$
snowdaes,Lowell,$$$$
sweet journey,Lowell,$$$$
hatter’s tea shop,Georgetown,$$$$
jen ju boba tea,Newburyport,$$$
matcha,Derry,$$$$
heng hai boba tea,Lawrence,$$$$
mr. wish,Portsmouth,$$$$
chica tea,Methuen,$$$$
saigon sandwich house,Lowell,$$$$
boba tea and snow ice house - haverhill,Haverhill,$$$$
miu cafe,Manchester,$$$
tea-do,Lowell,$$$$
sip maine,Eliot,$$$$
4u bubble tea,Hanover,$$$$
rath’s beef chips,Lowell,$$$$
kung fu tea,Lowell,$$$
bambu,Lowell,$$$
the whale tea,Beverly,$$$$
golden tea cafe,Georgetown,$$$$
sweet boba,Salem,$$$$
sweet boba,Beverly,$$$$
arincha thai sushi boba,Merrimack,$$$$
nibbana cafe,Lowell,$$$$
moge tee - coming soon,Lynnfield,$$$
carl’s cones,Gloucester,$$$$
cup 89 boba & gelato,Andover,$$$$
restoration cafe,Manchester,$$$$
jaho coffee & tea,Salem,$$$
gong cha,Peabody,$$
gong cha,Lowell,$$$
cup 89 - andover,Andover,$$
truewin tea shoppe,Newark,$$$$
boba guys,San Francisco,$$$$
rose tea lounge - cupertino,Cupertino,$$$$
honey express bento & tea,Milpitas,$$$$
ume tea,San Jose,$$$$
teaspoon - newark,Newark,$$$$
aloh-o,Mill Valley,$$$
orange square - cupertino,Cupertino,$$$$
haiku teahouse,San Jose,$$$$
hui lau shan,Milpitas,$$$$
my bottle tea & coffee,San Jose,$$$$
teazentea saratoga,Saratoga,$$$$
chachago,Fremont,$$$$
ume tea - mountain view,Mountain View,$$$$
coco bubble tea,Milpitas,$$$
i-tea sr,San Jose,$$$$
tea moment,Fremont,$$$$
bambu,San Francisco,$$$
uju,San Jose,$$$
mints & honey,San Carlos,$$$$
boba bliss,Mountain View,$$$$
boba guys,San Carlos,$$$$
bobalicious,Redwood City,$$$$
yilan bento,San Francisco,$$$$
ceré tea,Saratoga,$$$$
teatime,Redwood City,$$$$
taotaotea,Saratoga,$$$$
let's roll,San Francisco,$$$$
asha tea house,San Francisco,$$$$
feng cha teahouse,Newark,$$$$
lovey's tea shoppe,Pacifica,$$$$
chicha san chen,Cupertino,$$$$
mr sun,Cupertino,$$$
gong cha,Palo Alto,$$$
quarters teahouse,San Francisco,$$$$
oh dessert cafe,San Francisco,$$$$
tpumps,San Francisco,$$$
teaspoon,Santa Clara,$$$$
matcha cafe maiko,San Francisco,$$$$
tea fermata,Los Gatos,$$$$
quickly,San Francisco,$$$
snow boba,San Jose,$$$$
tea juice,San Carlos,$$$
tea it up,Menlo Park,$$$$
co ba dessert tea & coffee,San Jose,$$$$
tp tea,Cupertino,$$$$
ten ren tea,Cupertino,$$$$
happy lemon,Cupertino,$$$$
tea top,San Jose,$$$$
gong cha,Sunnyvale,$$$$
7 leaves cafe,Cupertino,$$$$
macu tea - cupertino,Cupertino,$$$
wow tea drink,Cupertino,$$$$
calibear cyber cafe,Sunnyvale,$$$$
moomo tea,Sunnyvale,$$$$
babo boba cafe,Cupertino,$$$$
ume tea,Cupertino,$$$$
wanpo tea shop,Cupertino,$$$$
sunright tea studio - sunnyvale,Sunnyvale,$$$$
o2 valley,Cupertino,$$$$
tea era,Cupertino,$$$
izumi matcha,Cupertino,$$$$
cozy tea loft,San Jose,$$$$
tpumps,San Jose,$$$$
tastea,Sunnyvale,$$$$
hanlin tea room - cupertino,Cupertino,$$$
bambu,Sunnyvale,$$$
fantasia coffee & tea,Cupertino,$$$
boba guys at local kitchens,Cupertino,$$$
moontea,Sunnyvale,$$$$
7 leaves cafe,San Jose,$$$$
zero& cupertino village,Cupertino,$$$$
pekoe,Sunnyvale,$$$
omg tea,Santa Clara,$$$
tp tea,Sunnyvale,$$$$
beastea,Santa Clara,$$$$
tea era,Mountain View,$$$
shihlin taiwan street snacks,Cupertino,$$$$
n7 draft tea + coffee,San Jose,$$$$
teazzi tea shop,Sunnyvale,$$$$
happy lemon,Cupertino,$$$$
cafe lattea,Cupertino,$$$
mochi waffle corner,Mountain View,$$$$
boba pup,Santa Clara,$$$
jiaren cafe,Santa Clara,$$$$
yi fang taiwan fruit tea,Mountain View,$$$$
orange square,Santa Clara,$$$$
mr. green bubble,Cupertino,$$$
yi fang taiwan fruit tea,San Jose,$$$
ktea cafe,Sunnyvale,$$$
chick & tea - sunnyvale,Sunnyvale,$$$
ice splash,Campbell,$$$$
steepers,Campbell,$$$$
bitter sweet,Cupertino,$$$
tan-cha,Cupertino,$$$
chun yang tea,Sunnyvale,$$$$
breaktime tea,Campbell,$$$$
r&b tea - sunnyvale,Sunnyvale,$$$$
hui lau shan,Cupertino,$$$$
happy lemon,San Jose,$$$$
pink pink tea shoppe,Santa Clara,$$$$
bober tea,Sunnyvale,$$$
boba guys,San Jose,$$$
meet fresh,Cupertino,$$$
tea annie,Mountain View,$$$$
feng cha,Mountain View,$$$$
teaspoon los altos,Los Altos,$$$
teaspoon saratoga,San Jose,$$$
t% coffee + tea - santa clara,Santa Clara,$$$$
nha cafe,Santa Clara,$$$$
pastel tea lounge,Sunnyvale,$$$
matcha cafe maiko,Santa Clara,$$$$
lilikoi boba,San Jose,$$$$
sul & beans,Cupertino,$$$
teaspoon,Mountain View,$$$
tzone winchester,San Jose,$$$
sharetea,Santa Clara,$$$
happy lemon,Mountain View,$$$$
music tunnel ktv cafe,San Jose,$$$
tong sui,Sunnyvale,$$$$
qqq tea,San Jose,$$$
bambu,Santa Clara,$$$$
verde tea cafe,Mountain View,$$$
cream,Cupertino,$$$
tong sui,Santa Clara,$$$$
cocohodo,Sunnyvale,$$$$
snowtime,Campbell,$$$$
rabbit rabbit tea,Santa Clara,$$$
happy lemon,Sunnyvale,$$$$
boba guys,Los Altos,$$$$
boba drive,Sunnyvale,$$$$
gong cha,San Jose,$$$
lucky tea,Santa Clara,$$$
cup n cone,Sunnyvale,$$$$
tan-cha,Santa Clara,$$$$
liang's village,Cupertino,$$$
mr sun tea,Mountain View,$$$
beard papa's,Cupertino,$$$
ocha tea café & restaurant,Mountain View,$$$
r&b tea - santa clara,Santa Clara,$$$
7 leaves cafe,Campbell,$$$
cafe 86,Mountain View,$$$$
kung fu tea,San Jose,$$$
queen house,Mountain View,$$$
meet fresh,Santa Clara,$$
justeas,San Jose,$$$
sweet diplomacy,Los Altos,$$$$
lisa's tea treasures,Los Altos,$$$
sunnywich cafe,Sunnyvale,$$$$
alexander's patisserie,Cupertino,$$$
chaiyo  boba,Sunnyvale,$$$$
honeyberry,Santa Clara,$$$
jazen tea,San Jose,$$$
fantasia coffee & tea,Santa Clara,$$$
somisomi,Cupertino,$$$$
creative sips,San Jose,$$$$
pho hoa & jazen tea,Santa Clara,$$$
yumi yogurt - santa clara,Santa Clara,$$$$
jell & chill,Cupertino,$$$
southland flavor cafe,Cupertino,$$$
tous les jours,Santa Clara,$$$
hanabusa café,Sunnyvale,$$$
jell & chill,Santa Clara,$$$
somisomi,Santa Clara,$$$$
zero& westfield valley fair,Santa Clara,$$$
jazen tea,Santa Clara,$$
portuguese tasty desserts,Santa Clara,$$$$
gong cha,Santa Clara,$$$
fancy flavors,San Jose,$$$$
din tai fung,Santa Clara,$$$
hui lau shan,Santa Clara,$$$$
coco fresh tea & juice valley fair,Santa Clara,$$$
frozo's frozen yogurt,Santa Clara,$$$
tiger tea & juice - daly city,Daly City,$$$$
yeti tea &,Daly City,$$$$
sweethoney dessert  - colma,Colma,$$$
7 leaves cafe,San Francisco,$$$
i-tea,San Francisco,$$$
my cup of tea,San Francisco,$$$
teaever,Daly City,$$$
dots,San Francisco,$$$$
milktopia,San Francisco,$$$$
tea world,South San Francisco,$$$$
yy coffee & milk tea,San Francisco,$$$$
boba guys,San Francisco,$$$$
sweet cupz,San Francisco,$$$
happy lemon,Daly City,$$$
mr szechuan,San Francisco,$$$$
d7n coffee & tea,San Francisco,$$$$
the burrow,Brisbane,$$$$
wonderful dessert & cafe,San Francisco,$$$$
golden island cafe,San Francisco,$$$
foam tea house,San Francisco,$$$$
ye ye coconut snacks,San Francisco,$$$$
tea hut,San Francisco,$$$
wanpo tea shop - san francisco,San Francisco,$$$
district tea,San Francisco,$$$$
hi tea,San Francisco,$$$
inner sunset - little sweet,San Francisco,$$$
u :dessert story,San Francisco,$$$$
stix,San Francisco,$$$$
the fate tea house,San Francisco,$$$$
zero & stonestown galleria,San Francisco,$$$
devil angel desserts,Daly City,$$
5 degree tea house,San Francisco,$$$
nameless tea & coffee,San Francisco,$$$
teazzert pho you,San Francisco,$$$$
ty sandwich,San Francisco,$$$$
teazo,San Francisco,$$$
panda boba,San Francisco,$$$
little sweet,San Francisco,$$$$
tea plus,San Francisco,$$
tj cups,San Francisco,$$$$
sk tea,San Francisco,$$$$
quickly,San Francisco,$
quickly,San Francisco,$$
tea world,Pacifica,$$$
amausaan uji matcha,Daly City,$$$
tea fm,San Francisco,$$$
mr. t cafe,San Francisco,$$$$
matcha cafe maiko,San Francisco,$$$$
steep,San Francisco,$$$
b&b - banh mi & boba,San Francisco,$$$$
wooly pig,San Francisco,$$$$
happy cow creamery & tea,San Francisco,$$$$
rise & grind coffee and tea,San Francisco,$$$$
quickly,Daly City,$$
perfect pour cafe,Pacifica,$$$$
little heaven,San Francisco,$$$$
mission blue,San Francisco,$$$$
garden creamery,San Francisco,$$$$
"upfordayz coffee, tea & juice",San Francisco,$$$$
not latte,San Francisco,$$$$
new taraval cafe,San Francisco,$$$$
san francisco's hometown creamery,San Francisco,$$$$
precita park cafe,San Francisco,$$$
cafe la flore irving,San Francisco,$$$$
moshi moshi boba cafe,Greensboro,$$$$
pika tea,Greensboro,$$$$
1102 bubble tea & coffee,Burlington,$$$$
gong cha,Greensboro,$$$
tea lala boba & che,Greensboro,$$$$
moge tee,Chapel Hill,$$$
tea time boba tea lounge,High Point,$$$$
moge tee - durham,Durham,$$$$
kelly cafe,Salem,$$$$
cha house wake forest,Wake Forest,$$$$
mochinut raleigh,Raleigh,$$$$
bobo cafe,Greensboro,$$$$
tiger tea,Winston-Salem,$$$$
master tea cafe & bites,Greensboro,$$$$
akoko,Greensboro,$$$$
binki cafe - winston salem,Winston-Salem,$$$
kung fu tea,High Point,$$$$
momo ashi cafe,Winston-Salem,$$$$
kung fu tea - raleigh,Raleigh,$$$
hibachi grill & bubble tea,Jamestown,$$$$
bubble bear,Greensboro,$$$$
champloo desserts,Raleigh,$$$$
champloo desserts,Roanoke,$$$
feng cha wake forest,Wake Forest,$$$$
koala crafts art studio,Chapel Hill,$$$$
feng cha raleigh,Raleigh,$$$$
royal tea cafe,Burlington,$$$
68 bubble tea,Lynchburg,$$$$
boulevard rtp,Durham,$$$$
yumi sushi tea & sake,High Point,$$$$
tea hill,Chapel Hill,$$$$
quickly tea house,Durham,$$$$
quickly - chapel hill,Chapel Hill,$$$$
teaq,Raleigh,$$$$
smiley tea,Salem,$$$$
bapu tea house,Durham,$$$
frozy,Durham,$$$$
yaya tea  - chapel hill,Chapel Hill,$$$$
tutti frutti frozen yogurt,Durham,$$$$
yaya tea,Durham,$$$
rena marie's,Winston-Salem,$$$
wheat,Durham,$$$$
milklab - southpoint,Durham,$$$
bubbleful tea,High Point,$$$
colonial grind,Thomasville,$$$$
salt n cocoa,Durham,$$$$
bee town cravings,Burlington,$$$$
milk lab - durham,Durham,$$$$
cocoa cinnamon,Durham,$$$
cold stone creamery,Chapel Hill,$$
sesantea,Roy,$$$$
taiyaki sweet,Clearfield,$$$
tea's memory,Farmington,$$$$
boba world,Woods Cross,$$$$
pearl milk tea club,Salt Lake City,$$$$
aboutea,Ogden,$$$$
ding tea bountiful,West Bountiful,$$$$
pearl milk tea club,Ogden,$$$
chicha san chen,West Jordan,$$$$
kung fu tea,Salt Lake City,$$$
boba guru,West Valley City,$$$$
tea bar,Salt Lake City,$$$
blue blue,Salt Lake City,$$$$
spill the tea,Taylorsville,$$$$
7buddha tea house & desserts,Murray,$$$
the tea grotto,Salt Lake City,$$$$
shiba boba,Salt Lake City,$$$$
tea & brown,Salt Lake City,$$$$
lollicup,Salt Lake City,$$$
quickly,West Valley City,$$$
backstreet boba,West Valley City,$$$$
ding tea,South Jordan,$$$$
space tea,Salt Lake City,$$$$
gossip tapioca,West Valley City,$$$$
petit fours & purls,Lehi,$$$$
pearl milk tea club,South Ogden,$$$$
blue blue,West Valley City,$$$$
sunny honey,Salt Lake City,$$$$
boba memory,South Jordan,$$$$
xing fu tang,Salt Lake City,$$$$
caffe dbolla,Salt Lake City,$$$$
monarch tea house,Brigham City,$$$$
boba break,Sandy,$$$$
boo boba,Saratoga Springs,$$$$
swig,Clinton,$$$$
boba luv,Salt Lake City,$$$
mochinut,Salt Lake City,$$$$
ding tea,Taylorsville,$$$$
kung fu tea,West Jordan,$$$$
aboutea,South Salt Lake,$$$$
meet fresh,Salt Lake City,$$$$
ding tea,West Jordan,$$$$
sharetea,West Valley City,$$$$
presotea utah,Midvale,$$$$
boba bee,Riverton,$$$
bubbles drinks and more,Taylorsville,$$
da cloud boba shoppe,Pleasant Grove,$$$$
tiger sugar,Salt Lake City,$$$
kung fu tea,Draper,$$$$
soda boba,South Jordan,$$$
mochinut,Park City,$$$$
m tea,Sandy,$$$
hi tea,Herriman,$$$$
mochinut,South Jordan,$$$$
buzzbru,West Haven,$$$$
hello boba,Salt Lake City,$$$
happy teriyaki,Pleasant Grove,$$$$
timi boba,Ogden,$$$
doki doki,Salt Lake City,$$$$
boba tea,Murray,$$$
swig,Lehi,$$$
sweet & cool,South Salt Lake,$$$
swig,Bountiful,$$$
boba bee,American Fork,$$$
bobas & crepes,Tooele,$$$$
lazysunday,Salt Lake City,$$
yogurt stop,Sandy,$$$$
cafe trang,South Jordan,$$$
bubble n bean,Draper,$$$$
pirate o's,Draper,$$$$
swig,Draper,$$$
swig,Murray,$$$
swig,Cedar Hills,$$
i love moo,Park City,$$$
aobaba bubble tea & juicy bar restaurant,Dublin,$$$$
quickly,Pinole,$$$
lemon gals,San Pablo,$$$$
limon frozen yogurt,San Pablo,$$
the whale tea,Fairfield,$$$$
loose leaf boba co,New Haven,$$$$
pearls n swirls,Fairfield,$$$$
yaaas tea,Farmingdale,$$$$
taro taro,Newington,$$$$
kung fu tea,West Hartford,$$$$
xing fu tang,New York,$$$$
sweetory,Jackson Heights,$$$$
gong cha,Long Island City,$$$$
bambu,Stony Brook,$$$$
fiftylan koreatown,New York,$$$$
julieats dessert cafe,Forest Hills,$$$$
sugar bae dessert cafe,Hicksville,$$$$
bobafish,New York,$$$$
the whale tea,Stamford,$$$$
boba box2,New York,$$$$
village tea shop,Ridgewood,$$$$
sìyì tea & incense,New York,$$$$
dragon tea,Mamaroneck,$$$$
the whale tea,White Plains,$$$$
grace street,New York,$$$$
i’milky - midtown,New York,$$$$
boba baar,Garden City,$$$$
pearl dynastea,Bronx,$$$$
surreal creamery,New York,$$$$
ümacha,Edgewater,$$$$
flower bloom tea,Flushing,$$$$
okinawa boba,Hartford,$$$
chun yang tea,Flushing,$$$$
tea break,West Hartford,$$$$
tea moment,Brooklyn,$$$$
sopoong,Wyckoff,$$$$
tp tea,Queens,$$$$
heytea,Long Island City,$$$$
lazy sundaes,New York,$$$$
chicha san chan,New York,$$$$
new haven tea,New Haven,$$$$
sweetea,New York,$$$$
teado tea shop,New York,$$$$
jooy tea shoppe,New York,$$$$
machi machi,New York,$$$
chic tea,Brooklyn,$$$$
gong cha,New Milford,$$$$
upwind milk tea bar,Brooklyn,$$$$
gong cha,New York,$$$$
mudflow tea house,Brooklyn,$$$$
pig pig cafe,Brooklyn,$$$$
tbaar - times square,New York,$$$$
moge tee - bayside,Queens,$$$$
bite & tea,Bristol,$$$$
v3nom cafe & lounge,Jamaica,$$$$
machi machi,Flushing,$$$
i’milky 沐白 - flushing,Flushing,$$$
kung fu tea,New Haven,$$$$
shiro,Stamford,$$$$
dragon tea,New York,$$$$
miss du’s tea shop,New York,$$$$
t-swirl crêpe,New Haven,$$$$
kung fu tea,New York,$$$$
kung fu tea,Hicksville,$$$$
pyo chai,Hicksville,$$$$
tea and milk,Astoria,$$$$
tea talk café,Poughkeepsie,$$$$
gong cha,Hackensack,$$$$
m tea,Long Island City,$$$$
tea magic,New York,$$$
coco fresh tea and juice,Astoria,$$$
cha dao bubble tea,Mineola,$$$$
gong cha,Jersey City,$$$
cece bubble tea cafe,Shelton,$$$$
cha papi,West Hartford,$$$$
bing ling tea,Brooklyn,$$$$
the whale tea,New Haven,$$$$
the whale tea - norwalk,Norwalk,$$$$
gong cha,Brooklyn,$$$$
cozy tea loft,East Rutherford,$$$$
bobba hubba,Elmhurst,$$$$
cafe leah,Palisades Park,$$$$
möge tee,Brooklyn,$$$$
pick up bubble tea,Mount Kisco,$$$
infinitea ny,Astoria,$$$$
din tai fung,New York,$$$$
kaliubon,Wethersfield,$$$$
gong cha,New York,$$$$
penny cha,Stamford,$$$$
bobaly,Fair Lawn,$$$$
yi fang taiwan fruit tea,Stamford,$$$$
modern tea shop,New York,$$$$
gong cha,New York,$$$$
vivi bubble tea,Brooklyn,$$$
tea cup cafe,Elmhurst,$$$
kung fu tea,Stony Brook,$$$
sip n' play,Brooklyn,$$$$
the teapsy new york,Astoria,$$$$
toppings frozen yogurt,New Windsor,$$$
tidal tea,New York,$$$$
the early bird cafe,East Meadow,$$$$
you me and tea,Port Jefferson,$$$$
the whale tea,Milford,$$$$
the whale tea,Bayport,$$$$
curbside,Bayside,$$$$
prince tea house,New York,$$$$
asian fusion,Glen Rock,$$$$
gong cha - brooklyn,Brooklyn,$$$$
vivi bubble tea,Brooklyn,$$$$
yaya tea - flushing,Flushing,$$$$
yum ice cream&bubble tea,New Rochelle,$$$$
urban leaf cafe,Nutley,$$$$
hawa smoothies & bubble tea,New York,$$$$
möge tee -first ave,New York,$$$$
mi tea,New York,$$$$
yaya tea garden,New York,$$$$
ninja bubble tea,Stamford,$$$
19 el,Brooklyn,$$$$
bubble bear tea,Huntington Station,$$$$
cha-an,New York,$$$$
yaaas tea - stony brook,Stony Brook,$$$$
moge tee-huntington,Huntington,$$$$
chai wala,Jamaica,$$$$
bibble & sip,New York,$$$$
sweetea,New York,$$$$
bubble tea culture & snacks,North Babylon,$$$$
cream coffee & tea shop,Brooklyn,$$$$
boba fries,Elmhurst,$$$$
yaaas tea-syosset,Syosset,$$$$
kimochi premium bubble tea,Selden,$$$$
friend's corner tea & snack bar,Highland,$$$$
boba whale,New York,$$$$
the chai shop,New Hyde Park,$$$
q tea tapas,Fort Lee,$$$$
master panda,New York,$$$
bubble tea,New York,$$$$
smo tea,Garden City Park,$$$$
poke boba,Greenwich,$$$$
yaas tea stony brook,Stony Brook,$$$$
tbaar park slope,Brooklyn,$$$$
the green teahouse,Farmington,$$$$
kung fu tea,Bronx,$$$$
prince tea house,New York,$$$$
vivi bubble tea,New York,$$$
lucky penguin,Glen Head,$$$$
song tea,Flushing,$$$
gong cha,Garden City,$$$
tiger sugar,New York,$$$$
biao sugar,New York,$$$
yaaas tea-great neck,Great Neck,$$$$
cafe bubbly,Hicksville,$$$$
débutea - greenwich village,New York,$$$$
möge tee,New Hyde Park,$$$$
momo tea,Bellmore,$$$$
uncle drink,Astoria,$$$$
retreat sweets,Westport,$$$$
kobocha bubble tea,Rocky Hill,$$$$
momo ashi,Queens,$$$$
the whale tea,Flushing,$$
sugarcube new york,Queens,$$$$
cafe lahooti,Smithtown,$$$$
teguk,New York,$$$
xing fu tang,Flushing,$$$$
mr.wish,Great Neck,$$$$
boba fries,Flushing,$$$$
yaaas tea rockville centre,Rockville Centre,$$$$
wanpo tea shop,New York,$$$$
yi fang taiwan fruit tea,Long Island City,$$$$
quickly,Jericho,$$$$
bz royal tea,New Windsor,$$$$
yaaas tea-new hyde park,New Hyde Park,$$$$
fiftylan union square,New York,$$$$
momen tea - time square,New York,$$$
yaaas tea-patchogue,Patchogue,$$$$
loose leaf boba co,Wallingford,$$$$
koi,Levittown,$$$$
surreal creamery,New York,$$$$
yoi ramen & tea,New York,$$$$
great east boba,Queens,$$$$
cozy boba tea,Hyde Park,$$$$
coco,Westbury,$$$
siips bubble,Elmhurst,$$$$
yoyo,New Fairfield,$$$$
coconut&more,Elmhurst,$$$$
boba land,Palisades Park,$$$
sippin bubbles tea cafe,Prospect,$$$$
tsaocaa - secaucus,Secaucus,$$$$
alimamatea,New York,$$$$
sweet u cafe & catering,Redwood City,$$$$
chachacha-99teahouse,Fremont,$$$$
royaltea usa,Fremont,$$$$
ume tea,Fremont,$$$$
rose tea lounge - fremont,Fremont,$$$$
sharetea,Fremont,$$$
tpumps - fremont,Fremont,$$$$
tastea,Newark,$$$
mandro teahouse,Newark,$$$$
teatop,Newark,$$$$
i-tea,Fremont,$$$
tapioca express,Fremont,$$$
brian black tea,Fremont,$$$$
meet fresh,Fremont,$$$
phin cafe,Fremont,$$$$
t4,Fremont,$$$
r&b tea - fremont,Fremont,$$$
ain't common,Fremont,$$$
yi fang taiwan fruit tea - fremont,Fremont,$$$$
happy lemon,Newark,$$$$
hay tea,Newark,$$$
boba nation,Newark,$$$$
teazentea newark,Newark,$$$
tapioca express,Union City,$$$
k on the go,Union City,$$$$
teazentea fremont,Fremont,$$$
yokee milk tea,Fremont,$$$$
ten ren tea,Milpitas,$$$$
umi tea,Fremont,$$$$
i-tea,Milpitas,$$$
happy lemon,Fremont,$$$$
teaspoon milpitas,Milpitas,$$$
sana tea & dessert,Fremont,$$$$
r&b tea - nitro,Milpitas,$$$
mr sun tea,Fremont,$$$
tata teahouse,Fremont,$$
sunright tea studio - milpitas,Milpitas,$$$$
joy4tea,Union City,$$$
mr. green bubble,Fremont,$$$
bayleaf tea,Milpitas,$$$$
k on the go,Milpitas,$$$$
umi tea & ramen,Fremont,$$$$
feng cha - milpitas,Milpitas,$$$
teatop,Milpitas,$$$$
macu tea - berryessa,San Jose,$$$$
ume tea,Milpitas,$$$$
x tea,San Jose,$$$$
pekoe,San Jose,$$$
xing fu tang,Milpitas,$$$
teazentea milpitas,Milpitas,$$$
orange square - milpitas,Milpitas,$$$
anton,San Jose,$$$$
gong cha - union city,Union City,$$$
milk & honey cafe,Fremont,$$$$
tong sui,Milpitas,$$$$
bambu,Milpitas,$$$
wanpo tea shop,Palo Alto,$$$
tiger tea & juice - san jose,San Jose,$$$$
one zo,Fremont,$$$
boba galaxy,San Jose,$$$$
heuk hwa dang,Milpitas,$$$
tea time,Palo Alto,$$$
mr sun tea,Palo Alto,$$$$
rabbit rabbit cream,Palo Alto,$$$
tyme for tea & co,Fremont,$$$
ume tea,Milpitas,$$$$
boba queen,Fremont,$$$
mr green bubble,Union City,$$$
el frutiloco,Fremont,$$$$
tao‘s fresh,Newark,$$$$
chick & tea taiwanese soul food,Milpitas,$$$
bobaholics,San Jose,$$$$
crepe & tea bar,Newark,$$$$
dish n dash - fremont,Fremont,$$$$
bober tea & coffee,Palo Alto,$$$$
tisane,San Jose,$$$
boba guys,Palo Alto,$$$
3catea,Milpitas,$$$
boba nation,Pleasanton,$$$$
he&c tea+pot,Palo Alto,$$$$
happy lemon,Union City,$$$
shihlin taiwan street snacks,Fremont,$$$$
t4,Palo Alto,$$$
cafe mei,Fremont,$$$$
teaspoon,Fremont,$$$
tamper room cafe & gallery,Fremont,$$$$
kung fu tea,Palo Alto,$$$$
bun appetit,Fremont,$$$$
huong lan sandwiches,Newark,$$$
mr green bubble,West Menlo Park,$$$
amausaan uji matcha,Newark,$$$
cafe 86,Union City,$$$$
teaspoon hostetter,San Jose,$$$
acha coffee & tea,San Jose,$$$$
teazentea,Pleasanton,$$$$
yi fang taiwan fruit tea - milpitas,Milpitas,$$$$
ume tea,Palo Alto,$$$
honey tea,Pleasanton,$$$
fantasia coffee & tea,Milpitas,$$$
kiss my boba food truck,Hayward,$$$
pop tea bar,Palo Alto,$$$
ume tea,Pleasanton,$$$
tong sui,Palo Alto,$$$$
te'amo boba tea x mochi donut,Palo Alto,$$$
tastea,San Jose,$$$
shihlin taiwan street snacks,Milpitas,$$$$
tocotea,Union City,$$$
quickly,Milpitas,$$
soul sweets,Scotts Valley,$$$$
boba bay,Capitola,$$$
tealite drinks & snow,Morgan Hill,$$$$
t4 morgan hill,Morgan Hill,$$$
tzone - santa cruz,Santa Cruz,$$$
yan's tea,San Carlos,$$$$
eyefinitea optique & lounge,Morgan Hill,$$$$
icrave,Capitola,$$$$
tea hut,San Carlos,$$$
ume tea,Santa Cruz,$$$
boba pub,San Jose,$$$
pink pantherz espresso,Redwood City,$$$
dessert lounge,Watsonville,$$$$
teaspoon,Campbell,$$$$
tisane,San Jose,$$$$
kamurocho,Pleasanton,$$$$
bober tea,San Ramon,$$$$
teazentea - dublin,Dublin,$$$$
mochi dough,San Ramon,$$$$
frozone gelato,Union City,$$$
bober tea & coffee,San Carlos,$$$$
gong cha dublin,Dublin,$$$$
boba & more,Dublin,$$$
sodam,Dublin,$$$$
blossom bee,Dublin,$$$$
quickly,Redwood City,$$
teaspoon,San Ramon,$$$
t4,San Ramon,$$$
happy lemon,Danville,$$$
che-lo,Union City,$$$$
quickly,Pleasanton,$$
mochinut - concord,Concord,$$$$
panache caffe,Lafayette,$$$$
breaktime tea,Concord,$$$$
chalogy,Walnut Creek,$$$$
bondadoso coffee and tea collective,Walnut Creek,$$$$
uji time dessert,Concord,$$$$
surf city squeeze,Concord,$$$
saigon bistro,Concord,$$$
crumbl,Concord,$$$
coco boba tea,Vancouver,$$$$
just tea,Portland,$$$$
honey pearl cafe,Portland,$$$$
fantastea house,Portland,$$$$
doja tea lounge,Tualatin,$$$$
fantastea house,Beaverton,$$$$
bobacat tea house,Portland,$$$$
bubble n tea,Beaverton,$$$$
bobablastic,Salem,$$$
royaltea beaverton,Beaverton,$$$$
chicha san chen,Beaverton,$$$$
sharetea,Happy Valley,$$$$
tea talk,Portland,$$$$
sharetea,Vancouver,$$$$
ding tea psu,Portland,$$$
royaltea portland,Portland,$$$$
sprinkle divine,Portland,$$$$
chen fu bubble tea,Hillsboro,$$$$
cup and cone,Portland,$$$$
happy lemon,Tigard,$$$$
boba time,Vancouver,$$$$
yoonique tea,Portland,$$$$
tea chai te,Portland,$$$$
bobo tea house,Hillsboro,$$$$
t4,Keizer,$$$$
tea & tea,Portland,$$$$
bubble bear,Newberg,$$$$
fat straw,Portland,$$$
auntea ha,Portland,$$$$
ocha tea corner,Portland,$$$
tea & tea,Beaverton,$$$
bobablastic,Happy Valley,$$$
ding tea williams,Portland,$$$$
redstraw,Portland,$$$$
braganza tea,Happy Valley,$$$$
braganza tea,Portland,$$$$
ithai boba,Portland,$$$$
sharetea,Camas,$$$
sassy souk pho & boba tea,Portland,$$$$
sharetea,Portland,$$$
phin caphe & boba,Portland,$$$$
softea,Vancouver,$$$$
bubble tea & brews,Gresham,$$$
ding tea pdx,Portland,$$$$
mo cha tea house,Beaverton,$$$
daboba,Orchards,$$$$
t4,Beaverton,$$$
bobablastic,Portland,$$$
zero degrees portland,Portland,$$
mamancy tea & chocolate,Hillsboro,$$$
yin’s tea,Portland,$$$$
boba tree,Vancouver,$$$$
boba tree - salmon creek,Vancouver,$$$$
monster tea house,Portland,$$$$
short & sweet,Vancouver,$$$$
cosmic boba,Clackamas,$$$$
ding tea,Vancouver,$$$
april 90 thai bistro x soul cie tea,Portland,$$$$
junbi,Portland,$$$$
monster tea house,Lake Oswego,$$$$
sharetea,Gresham,$$$
bobo bubble tea and coffee,Happy Valley,$$$$
tea & tea - opening soon,Portland,$$$$
braganza tea,Portland,$$$$
yi fang taiwan fruit tea,Portland,$$$$
tiki tea,Portland,$$$$
tiger sugar,Beaverton,$$$$
kung fu tea,Portland,$$$
zero&,Beaverton,$$$$
sharetea,Beaverton,$$$
sugar bubbles,Hillsboro,$$$$
bobablastic,Beaverton,$$$
tea artist portland,Portland,$$$$
gạch viet tea house,Portland,$$$$
phin caphe & boba,Beaverton,$$$$
tea & tea,Portland,$$$$
t4,Portland,$$$$
mía 102,Portland,$$$$
happy lemon,Beaverton,$$$
peachy berry,Wilsonville,$$$
churn cafe and crêperie,Portland,$$$$
mr. bento,Hillsboro,$$$$
mamancy tea & chocolate,Beaverton,$$$
premium matcha cafe maiko,Portland,$$$$
t4 - vancouver,Vancouver,$$$$
tea social,Portland,$$$
tea bar,Portland,$$$$
mo cha tea house,Beaverton,$$$
zero degrees - beaverton,Beaverton,$$$
t4,Portland,$$$
portal tea company,Portland,$$$$
bobablastic,McMinnville,$$$
bubble bubble tea,Beaverton,$$$
pip's original doughnuts & chai,Portland,$$$$
boba tea crew,Keizer,$$$
olia poke & tea,Portland,$$$$
mochinut - hawthorne,PORTLAND,$$$
pretea,Beaverton,$$$
happy lemon,Portland,$$$
kung fu tea,Hillsboro,$$$
sharetea,Hillsboro,$$$
kung fu tea,Vancouver,$$$
ding tea,Vancouver,$$$$
sharetea,Lake Oswego,$$$$
bobablastic,Forest Grove,$$$
la rose patisserie,Beaverton,$$$$
ez freezy,Portland,$$$
bobadochi,Salem,$$$
boba boom,Salem,$$$
toast la tea,Portland,$$$
meet fresh,Portland,$$$$
cafe ume,Portland,$$$$
braganza tea,Vancouver,$$$$
bubble crunch,Portland,$$$
t4,Clackamas,$$$
22 below,Tigard,$$$
tea & tea - ne alberta st,Portland,$$$
bobablastic,Portland,$$
dd sweet house,Portland,$$$
22 below,Portland,$$$
t4,Portland,$$$
squishtea,Happy Valley,$$$
bambu,Portland,$$$
picoberry,Wood Village,$$$
icandy,Gresham,$$$$
cloud 9,Vancouver,$$$
22 below,Salem,$$$
stadium superette,Portland,$$$
anna's chocolate cafe,Portland,$$$$
moberi,Portland,$$$$
moberi,Portland,$$$$
t4,Dublin,$$$
ovasians,Livermore,$$$$
zero& sfpo kiosk,Livermore,$$$$
teavoli boba,Dublin,$$$
happy lemon,Pleasanton,$$$$
teaspoon,Dublin,$$$
tea heart kiosk,Livermore,$
bobafinitea,Pleasanton,$$$
icicles,Pleasanton,$$$
shihlin taiwan street snacks,Pleasanton,$$$
tea heart,Pleasanton,$$
ululani’s hawaiian shave ice - livermore,Livermore,$$$$
chick & t bento,Pleasanton,$$$
arisa dessert,Pleasanton,$$$
berry & berry yogurt,Livermore,$$
mcdonald's,Pleasanton,$
surf city squeeze,Pleasanton,$$$
o2 valley,Palo Alto,$$$$
teaspoon,Palo Alto,$$$
konditorei,Portola Valley,$$$
wild berry yogurt,Menlo Park,$$$
zero& stanford mall,Palo Alto,$$$
somisomi,Palo Alto,$$$$
mademoiselle colette,Menlo Park,$$$$
coupa cafe,Palo Alto,$$$
forbes family café,Stanford,$$
peachy rolls,Augusta,$$$$
ding tea,Martinez,$$$$
gong cha - augusta,Augusta,$$$$
teaspoon augusta,Evans,$$$$
tutti frutti,Augusta,$$$
lily coffee tea and bread,Augusta,$$$$
tong sui,Redwood City,$$$$
teaspoon,Redwood City,$$$
happy lemon,Redwood City,$$$$
cravingz,Redwood City,$$$$
froyola,Redwood City,$$$$
spill the tea,Redwood City,$$$
sf gelateria,Redwood City,$$$$
zero& great mall,Milpitas,$$$
sharetea,San Jose,$$$
yummi tea cafe,San Jose,$$$$
devil & angel desserts,Milpitas,$$$
gong cha,San Jose,$$$
happiness cafe,San Jose,$$$$
milk tea lab,San Jose,$$$
t4,San Jose,$$$
bobaholics,San Jose,$$$$
happy lemon,San Jose,$$$$
the besteas cafe,San Jose,$$$$
sinceretea,San Jose,$$$$
coco fresh tea and juice,San Jose,$$$
mandro teahouse-milpitas,Milpitas,$$$
chu choa tea,San Jose,$$$$
shihlin taiwan street snacks,San Jose,$$$$
tcafé,San Jose,$$$$
7 leaves cafe,San Jose,$$$$
simpletea,San Jose,$$$
flaming ox,San Jose,$$$$
bambu,San Jose,$$$$
cotton cafe & tea wheel pie,San Jose,$$$
hapa musubi,Milpitas,$$$$
yogurtland,Milpitas,$$$$
taiwan cafe,Milpitas,$$$
tapioca express,San Jose,$$
caffe bene,San Jose,$$$
auntie k candy,San Jose,$$$$
sweet fix creamery,San Jose,$$$$
taiwan porridge - milpitas,Milpitas,$$$
101 tea plantation,Fremont,$$$
caffino cup,Milpitas,$$$$
oh my boba,San Jose,$$$$
little taipei cafe,Fremont,$$$
milkcow,Fremont,$$$
taro’s boba bar,San Jose,$$$$
ding tea,San Jose,$$$$
caffe:in - santa clara,Santa Clara,$$$$
sunright tea studio- san jose,San Jose,$$$$
k cafe patisserie & tea house,San Jose,$$$
teaqueria,San Jose,$$$$
gong cha willow glen,San Jose,$$$$
iscu tea,San Jose,$$$$
teaologist,San Jose,$$$
boba bar,San Jose,$$$
t4 a cup of tea,Los Gatos,$$$
feng cha tea house,San Jose,$$$$
feng cha - san jose,San Jose,$$$$
tea alley,San Jose,$$$
t4 - los gatos,Los Gatos,$$$$
tea plus,Santa Clara,$$$
milk tea lab,San Jose,$$$
presotea,Elk Grove,$$$$
pearls boba and shaved ice,Sacramento,$$$$
deluna dessert cafe,Sacramento,$$$$
yifang taiwan fruit tea - elk grove,Elk Grove,$$$$
t% coffee +tea - stockton,Stockton,$$$$
mochinut vacaville,Vacaville,$$$
bella's boba shop,Sacramento,$$$$
bober tea,Sacramento,$$$$
one milk tea - sacramento,Sacramento,$$$$
pop,Tracy,$$$$
tutti frutti,Fairfield,$$$
t4 tracy,Tracy,$$$$
t% coffee + tea - elk grove,Sacramento,$$$$
teaspoon,Sacramento,$$$$
mr & mrs tea house,San Francisco,$$$
dragon tea cafe,Antelope,$$$$
lazi cow - arden arcade,Sacramento,$$$$
t4 davis,Davis,$$$
sonoma chocolatiers,Sebastopol,$$$
intrinsic cafe,Newark,$$$$
yaya tea newark,Newark,$$$$
kung fu tea,Montclair,$$$
gong cha,Montclair,$$$$
mocha town,Newark,$$$
cosy cup library,Jersey City,$$$$
gong cha,Union,$$$
lil m bubble tea,Jersey City,$$$$
cafe mil hojas,Harrison,$$$
mochi ring,Union,$$$$
hui lau shan,East Rutherford,$$$
timi mochi,Belleville,$$$
16 handles,Elizabeth,$$$
kung fu tea,Union,$$
real fruit bubble tea,Elizabeth,$$$
ice moon,Elizabeth,$$$
uji time dessert,San Francisco,$$$$
yokee milk tea,San Francisco,$$$$
virtual teakup sf,San Francisco,$$$
black sugar,San Francisco,$$$$
boba & brew,San Francisco,$$$$
bubble queen,San Francisco,$$$$
tibear,San Francisco,$$$$
zero&,San Francisco,$$$$
zero &,San Francisco,$$$$
aura tea,San Francisco,$$$
miss t,San Francisco,$$$$
plentea,San Francisco,$$$$
happy lemon,San Francisco,$$$
gong cha,San Francisco,$$$
steep pop-up 2024,San Francisco,$$$$
ha tea,San Francisco,$$$
hi sweetie tea and treats,San Francisco,$$$$
lilikoi,San Francisco,$$$$
quickly - kobe bento,San Francisco,$$$
imperial tea court,San Francisco,$$$
coco fresh tea & juice,San Francisco,$$$
pink pink tea shoppe,San Francisco,$$$
inner richmond - little sweet,San Francisco,$$$$
wake cup,San Francisco,$$$$
phi long sandwich,San Francisco,$$$$
e tea,San Francisco,$$$
three polar bears,San Francisco,$$$$
sharetea,San Francisco,$$$
bobahead,San Francisco,$$$
sweet mango dessert & cafe,San Francisco,$$$
sweet glory,San Francisco,$$$$
naya dessert cafe,San Francisco,$$$
steep creamery & tea,San Francisco,$$$$
spro,San Francisco,$$$$
honey b tea house,San Francisco,$$$
boba guys,San Francisco,$$$$
lilikoi,San Francisco,$$$
xpresso tea,San Francisco,$$$
tsaocaa,Pittsburgh,$$$$
kung fu tea,Pittsburgh,$$$$
yotea & yoka kitchen,Pittsburgh,$$$$
fuku tea,Pittsburgh,$$$$
tsaôcaa,Pittsburgh,$$$$
dr tea,Pittsburgh,$$$$
wushiland boba,Pittsburgh,$$$$
jjpoké,Pittsburgh,$$$$
bubble bee,Pittsburgh,$$$$
dobra tea,Pittsburgh,$$$$
chatime,Pittsburgh,$$$
café 102,Pittsburgh,$$$$
chick'n bubbly,Pittsburgh,$$$
meccha matcha,Pittsburgh,$$$$
bae bae’s cafe,Pittsburgh,$$$$
bubble fish,Pittsburgh,$$$$
dragon fusion boba,Brentwood,$$$$
mango mango dessert,Pittsburgh,$$$$
bubble bee ross park,Pittsburgh,$$$
bubble bee,Upper Saint Clair,$$$
julie’s bubble tea & smoothies,Irwin,$$$$
rose tea cafe,Pittsburgh,$$
sincerely yogurt,Bridgeville,$$$$
cowtastic frozen yogurt,McMurray,$$$$
churn,Glenshaw,$$$$
china palace of wexford,Wexford,$$$
sincerely yogurt,Cranberry Township,$$$
quickly,Concord,$$$
boba tea & snow ice house,Richmond,$$$$
brecotea,Richmond,$$$$
zen cafe treats,Richmond,$$$$
gigi tea time,Richmond,$$$$
oh mochi - richmond,Richmond,$$$$
kokee tea,Richmond,$$$
kung fu tea,Richmond,$$$$
brecotea,Glen Allen,$$$$
dragon treats dessert cafe,Henrico,$$$$
chum chum onigiri,Richmond,$$$
tt lounge,Richmond,$$$$
brecotea,Richmond,$$$$
zzaam! kokee midlothian,Midlothian,$$$$
tea do rva,Richmond,$$$$
komma tea,Richmond,$$$
kung fu tea,Henrico,$$$$
tsaocaa - richmond,Richmond,$$$$
bambu,Glen Allen,$$$$
ben wong's tea,Midlothian,$$$$
brecotea-richmond,Richmond,$$$$
catina,Richmond,$$$
happy yappy bubble tea & froyo ice-cream,Richmond,$$$
domoishi,Richmond,$$$
honeybee boba cafe,Sacramento,$$$$
ume tea - sacramento,Sacramento,$$$$
nameless tea & coffee,Sacramento,$$$$
bober tea & coffee,Sacramento,$$$$
bober tea & coffee,Sacramento,$$$$
taichi bubble tea,Sacramento,$$$
8teas bubble,Rancho Cordova,$$$$
happy lemon,Sacramento,$$$
purple kow,Roseville,$$$$
rose tea lounge - elk grove,Elk Grove,$$$$
matcha cafe maiko,Sacramento,$$$$
ding tea - sacramento,Sacramento,$$$
lazi cow - folsom,Folsom,$$$$
mr sun tea,Sacramento,$$$$
bober tea & coffee,Folsom,$$$$
teaspoon roseville,Roseville,$$$$
tokyo cream,Roseville,$$$$
dream tea,Sacramento,$$$$
i-tea,Sacramento,$$$
teaspoon,Sacramento,$$$$
blend,Sacramento,$$$$
fusion,Rancho Cordova,$$$
t4 arden - tea for me,Sacramento,$$$
sweetea,Roseville,$$$$
kobing dessert studio,Citrus Heights,$$$$
the alley boba tea - elk grove,Elk Grove,$$$
the bomb teashop,Roseville,$$$$
bubble university,Roseville,$$$$
snowbee tea station,Sacramento,$$$
boba loca,Sacramento,$$$
t4 madison-auburn,Sacramento,$$$
sunright tea studio,Folsom,$$$$
gong cha,Sacramento,$$$
t4 natomas,Sacramento,$$$
boba pho u,Sacramento,$$$
qtea boba,SACRAMENTO,$$$$
e tea,Sacramento,$$$
tea culture,Elk Grove,$$$
moon tea house,Roseville,$$$$
su van,Sacramento,$$$$
kultura cafe,Rocklin,$$$$
quickly,Sacramento,$$$
senpai's cafe,Roseville,$$$$
lazi cow - davis,Davis,$$$
halal shop,Sacramento,$$$$
tealicious,Sacramento,$$$
happy mochi,Sacramento,$$$$
sweetea,Fair Oaks,$$$$
tapioca express,Sacramento,$$$
urban fuse,Roseville,$$$$
teddy boba,Rancho Cordova,$$$
boba storie tea,Sacramento,$$$$
lollicup,Sacramento,$$$
tea bay,Sacramento,$$$$
e ka tea,Sacramento,$$$$
cool tea bar,Sacramento,$$$
chaii,Sacramento,$$$$
t4 south sac,Sacramento,$$$
b & b bakery and boba,Lincoln,$$$$
tastea,Sacramento,$$$$
lumpia ko - eats and boba,Antelope,$$$$
the hangout,Galt,$$$$
tea bar & fusion cafe,Sacramento,$$$$
koalatea boba,Elk Grove,$$$$
moo moo,Elk Grove,$$$
the tea nook,Lincoln,$$$$
tea hub,Sacramento,$$$
aimée's boba café,Sacramento,$$$$
bru tea cafe,Elk Grove,$$$$
tapioca and tea,Elk Grove,$$$
boba lane,Rocklin,$$$$
teable tea bar,Rocklin,$$$$
icicles,Sacramento,$$$$
t4 folsom,Folsom,$$$$
bober tea & coffee,Roseville,$$$$
koreana plaza,Rancho Cordova,$$$
tea it,Citrus Heights,$$$$
teaspoon,Folsom,$$$$
reejoy bubble tea,Roseville,$$$$
cocomilk cafe,Sacramento,$$$$
yum cha cafe,Sacramento,$$$
brown sugar bubble milk,Sacramento,$$$$
vinhouse tea & coffee - sheldon,Elk Grove,$$$$
18 grams coffee & tea,Elk Grove,$$$$
boomba tea,Folsom,$$$$
mochinut,Rancho Cordova,$$$$
devil & angel desserts,Folsom,$$$$
vampire penguin - folsom,Folsom,$$$$
poke & tea,Rancho Cordova,$$$
teddy boba - rocklin,Rocklin,$$$$
fin’s house,Sacramento,$$$$
somisomi,Elk Grove,$$$$
yogurtagogo,Sacramento,$$$
tea republic,Rocklin,$$$$
hyper tea,Elk Grove,$$$$
bubble university,Rocklin,$$$$
teacup coffee & boba tea,Elk Grove,$$$$
mochi dough,Sacramento,$$$$
bambu,Sacramento,$$$
t4 elk grove,Elk Grove,$$$
cane corner,Elk Grove,$$$$
ding tea,Granite Bay,$$$$
fuji tea house,Rocklin,$$$$
feng cha folsom,Folsom,$$$$
one zo,Roseville,$$
vinhouse tea & coffee - gerber,Sacramento,$$$$
happy lemon,Elk Grove,$$$
quickly,Roseville,$$
akira coffee & tea,Davis,$$$$
bambu,Elk Grove,$$$$
sharetea,Davis,$$$
bambu dessert drinks,Folsom,$$$$
gold pops gio rolls,Elk Grove,$$$$
one milk tea - woodcreek,Roseville,$$$$
honey d cafe,Davis,$$$
there and back cafe,Sacramento,$$$$
dumpling & tea house,Sacramento,$$$$
happy lemon,Elk Grove,$$$$
tea 18,Elk Grove,$$$
quickly,Sacramento,$$$
why not boba,Davis,$$$
junni desserts,Folsom,$$$$
ice dream,Sacramento,$$$$
tea&poke- elk grove,Elk Grove,$$$
mochi dough,Sacramento,$$$$
quickly - rocklin,Rocklin,$$$$
panda house,Sacramento,$$$
i-tea,Davis,$$$
teabo café,Davis,$$$
mochinut - davis,Davis,$$$
urban rolls roseville,Roseville,$$$$
flor de dahlia,Galt,$$$$
raretea,Elk Grove,$$$
saigon corner,Sacramento,$$$$
mochinut - roseville,Roseville,$$$$
teaspoon,El Dorado Hills,$$$$
bobaology,Folsom,$$$
lazi cow - roseville,Roseville,$$$$
yi fang taiwan fruit tea,San Francisco,$$$
maruwu seicha,San Francisco,$$$$
tancca,San Francisco,$$$
red blossom tea,San Francisco,$$$$
boba guys,San Francisco,$$$$
quickly,San Francisco,$$$
powder,San Francisco,$$$$
yu's cafe,San Francisco,$$$
komeya no bento,San Francisco,$$$$
metro hong kong dessert,San Francisco,$$$
tea & others,San Francisco,$$$$
e tea,San Francisco,$$$
sweet gelato tea lounge,San Jose,$$$$
macu tea,San Jose,$$$$
"pop up tea, coffee & snacks",San Jose,$$$$
pekoe,San Jose,$$$$
tp tea,San Jose,$$$
tapioca express,San Jose,$$$
lilikoi boba,San Jose,$$$$
moboba,San Jose,$$$$
tea lyfe drinks,San Jose,$$$$
bambu,San Jose,$$$
r&b tea - san jose,San Jose,$$$
breaktime tea,San Jose,$$$
hello tea,San Jose,$$$
happy lemon,San Jose,$$$
t4,San Jose,$$
teazentea - san jose,San Jose,$$$
cool tea bar,San Jose,$$$
pure tea bar,San Jose,$$$
jasmine kocha,San Jose,$$$$
tea degree,San Jose,$$$$
tastea,San Jose,$$$
teaspoon,San Jose,$$$$
happy lemon,Gilroy,$$$$
tastea,San Jose,$$$$
aroma,San Jose,$$$$
7 leaves cafe,San Jose,$$$$
n7 draft tea and coffee,San Jose,$$$$
phin cafe,San Jose,$$$$
tastea,San Jose,$$$
happy lemon,San Jose,$$$$
teazu,San Jose,$$$
lucky tea,San Jose,$$$$
gong cha,San Jose,$$$
tea era,San Jose,$$$$
boba drive,San Jose,$$$$
shake tea,San Jose,$$$$
quickly,San Jose,$$
happy lemon premier,San Jose,$$$$
passion-t snacks & desserts,San Jose,$$$
izumi matcha,San Jose,$$$$
tleaf teapresso,San Jose,$$$
feng cha teahouse -tully,San Jose,$$$
cafes quan,San Jose,$$$$
t-square coffee & tea,San Jose,$$$$
mochinut cottle road,San Jose,$$$$
r&b tea - silver creek,San Jose,$$$
urban ritual,San Jose,$$$$
happy lemon,San Jose,$$$
heere tea,Bayamón,$$$$
keopi house pr,Vega Baja,$$$$
aloh-o,Novato,$$
tea villa,Santa Clara,$$$
an vat co beo,San Jose,$$$
aloha fresh,San Jose,$$$$
dr.ink,San Jose,$$$$
bobateani,San Jose,$$$$
mochinut - san jose,San Jose,$$$$
lucky corner,Troy,$$$$
eddy’s traditional chinese cooking,Clifton Park,$$$$
gong cha albany,Guilderland,$$$$
taichi bubble tea ramen & poke restaurant,Albany,$$$$
kazami,Schenectady,$$$$
storied coffee & milk teas,Scotia,$$$$
taichi bubble tea,Latham,$$$$
the axe & grind bubble tea and coffee shop,Schenectady,$$$$
short and stout tea,Albany,$$$$
romanteac bubble tea,Albany,$$$
dr. milk,Delmar,$$$$
moge tee - albany,Albany,$$$
spice gyro & kabob,Lake George,$$$$
berry & berry,Albany,$$$
for real boba tea,Lake George,$$$$
ruby city,Albany,$$$
orange julius,Albany,$$
bubblecups,Santa Rosa,$$$$
mango's,Windsor,$$$$
quickly,Rohnert Park,$$$
surf city squeeze,Santa Rosa,$$
t4 tea for u,Fairfield,$$
friends coffee & tea,San Jose,$$$$
jenjon's cafe,Union City,$$$$
sweet mex,Union City,$$$$
